{"cameraMode":{"drawMode":0,"name":"Shaded","section":"Shading Mode"},"sceneLighting":true,"audioPlay":false,"sceneViewState":{"showFog":true,"showMaterialUpdate":false,"showSkybox":true,"showFlares":true,"showImageEffects":true,"showParticleSystems":true},"in2DMode":false,"pivot":{"x":1.1979858875274659,"y":2.072618246078491,"z":0.22832359373569489},"rotation":{"x":-0.1533588171005249,"y":0.5075908303260803,"z":0.09237560629844666,"w":0.8428051471710205},"size":1.6664955615997315,"orthographic":false}